city_code,package,year,citygml_v,bytes,url
03201,plateau-03201-morioka-shi-2024,2024,4,748236438,https://assets.cms.plateau.reearth.io/assets/f7/3881b9-5eff-496f-b849-9ab8e50c705c/03201_morioka-shi_city_2024_citygml_1_op.zip
03202,plateau-03202-miyako-shi-2025,2025,5,345800465,https://assets.cms.plateau.reearth.io/assets/ab/43f0ce-ba76-42d3-b924-592e48279050/03202_miyako-shi_city_2025_citygml_1_op.zip
04100,plateau-04100-sendai-shi-2024,2024,4,1575758369,https://assets.cms.plateau.reearth.io/assets/33/3feee9-fb3f-4c08-8f19-a45c75700e6d/04100_sendai-shi_city_2024_citygml_1_op.zip
05204,plateau-05204-odate-shi-2024,2024,4,472420325,https://assets.cms.plateau.reearth.io/assets/ce/b471a5-ce0c-41ea-90fe-d27341feff02/05204_odate-shi_city_2024_citygml_1_op.zip
07201,plateau-07201-fukushima-shi-2025,2025,5,1069558423,https://assets.cms.plateau.reearth.io/assets/88/7b1208-aa33-43dd-9541-b499dddc068f/07201_fukushima-shi_city_2025_citygml_1_op.zip
11100,plateau-11100-saitama-shi-2025,2025,5,2516277839,https://assets.cms.plateau.reearth.io/assets/65/77eae6-8d0f-411a-aecb-abe26d464fa8/11100_saitama-shi_city_2025_citygml_1_op.zip
11202,plateau-11202-kumagaya-shi-2025,2025,5,979045768,https://assets.cms.plateau.reearth.io/assets/17/c1d213-b8b9-41d1-943d-55f829a915bf/11202_kumagaya-shi_pref_2025_citygml_1_op.zip
11203,plateau-11203-kawaguchi-shi-2024,2024,4,410936132,https://assets.cms.plateau.reearth.io/assets/e2/adab26-a177-47ff-a6d8-18bd04f6baae/11203_kawaguchi-shi_pref_2024_citygml_1_op.zip
11208,plateau-11208-tokorozawa-shi-2024,2024,4,191733993,https://assets.cms.plateau.reearth.io/assets/1b/9dc482-90e8-493f-b19a-622bdfa31cd4/11208_tokorozawa-shi_pref_2024_citygml_1_op.zip
11217,plateau-11217-konosu-shi-2024,2024,4,427719279,https://assets.cms.plateau.reearth.io/assets/2d/25fc58-097d-4cbb-9284-e20f12164b01/11217_konosu-shi_pref_2024_citygml_1_op.zip
11223,plateau-11223-warabi-shi-2024,2024,4,168157461,https://assets.cms.plateau.reearth.io/assets/60/3712bf-70bc-40fb-9f33-3a4a6d1bc5d8/11223_warabi-shi_pref_2024_citygml_1_op.zip
11228,plateau-11228-shiki-shi-2024,2024,4,173288442,https://assets.cms.plateau.reearth.io/assets/17/12dc56-bd1b-49f3-9ba3-0e4b5694452b/11228_shiki-shi_pref_2024_citygml_1_op.zip
11230,plateau-11230-niiza-shi-2024,2024,4,219259646,https://assets.cms.plateau.reearth.io/assets/6f/55a417-9ce4-43ee-a200-fba3f7a6e5b1/11230_niiza-shi_pref_2024_citygml_1_op.zip
11235,plateau-11235-fujimi-shi-2024,2024,4,149640089,https://assets.cms.plateau.reearth.io/assets/cd/628a6c-f1c1-4a5f-9646-f23f2c899bbc/11235_fujimi-shi_pref_2024_citygml_1_op.zip
11237,plateau-11237-misato-shi-2024,2024,4,352323769,https://assets.cms.plateau.reearth.io/assets/ad/12762d-6a01-4f46-81c2-8ad5bdaca348/11237_misato-shi_pref_2024_citygml_1_op.zip
11240,plateau-11240-satte-shi-2024,2024,4,382323607,https://assets.cms.plateau.reearth.io/assets/6a/97c034-728b-44db-b199-208ce23e0f7b/11240_satte-shi_pref_2024_citygml_1_op.zip
11241,plateau-11241-tsurugashima-shi-2024,2024,4,77746928,https://assets.cms.plateau.reearth.io/assets/7f/155317-0fea-4c50-bd56-cba637ff2a86/11241_tsurugashima-shi_pref_2024_citygml_1_op.zip
11301,plateau-11301-ina-machi-2024,2024,4,187423609,https://assets.cms.plateau.reearth.io/assets/8e/c35ca6-fe97-48b9-bf17-17a63ed2c2b5/11301_ina-machi_pref_2024_citygml_1_op.zip
11324,plateau-11324-miyoshi-machi-2024,2024,4,83437065,https://assets.cms.plateau.reearth.io/assets/93/33f200-a528-4946-b695-97cb3eda7d88/11324_miyoshi-machi_pref_2024_citygml_1_op.zip
11385,plateau-11385-kamisato-machi-2024,2024,4,158269689,https://assets.cms.plateau.reearth.io/assets/a4/5dd14b-890c-4011-a1a6-1d499309b81e/11385_kamisato-machi_pref_2024_citygml_1_op.zip
12100,plateau-12100-chiba-shi-2024,2024,4,904666672,https://assets.cms.plateau.reearth.io/assets/9b/ac12c5-31d6-4957-8630-51fb3327d4a6/12100_chiba-shi_city_2024_citygml_1_op.zip
12206,plateau-12206-kisarazu-shi-2024,2024,4,477819099,https://assets.cms.plateau.reearth.io/assets/69/c74914-a1a7-408c-a329-e7d397d88412/12206_kisarazu-shi_city_2024_citygml_1_op.zip
12221,plateau-12221-yachiyo-shi-2022,2022,4,317356062,https://assets.cms.plateau.reearth.io/assets/39/386bc4-86a8-434a-bf68-093776972faf/12221_yachiyo-shi_city_2022_citygml_4_op.zip
13104,plateau-13104-shinjuku-ku-2025,2025,5,772888884,https://assets.cms.plateau.reearth.io/assets/db/2866b9-e3c2-4bc4-83d3-b7b42e9b85a1/13104_shinjuku-ku_pref_2025_citygml_1_op.zip
13106,plateau-13106-taito-ku-2025,2025,5,1067291271,https://assets.cms.plateau.reearth.io/assets/80/45b2b1-5a88-40ab-9877-70b540b8707e/13106_taito-ku_city_2025_citygml_1_op.zip
13107,plateau-13107-sumida-ku-2025,2025,5,428853972,https://assets.cms.plateau.reearth.io/assets/a6/8b550a-071a-4e70-9296-4dc203a0065f/13107_sumida-ku_pref_2025_citygml_1_op.zip
13112,plateau-13112-setagaya-ku-2025,2025,5,996756028,https://assets.cms.plateau.reearth.io/assets/4d/e9ecc6-42d0-47ad-84a7-93d07c7766a8/13112_setagaya-ku_pref_2025_citygml_1_op.zip
13113,plateau-13113-shibuya-ku-2025,2025,5,649322807,https://assets.cms.plateau.reearth.io/assets/48/e684f3-fb86-44d4-b7e3-a3d72d54582d/13113_shibuya-ku_pref_2025_citygml_1_op.zip
13114,plateau-13114-nakano-ku-2025,2025,5,340935517,https://assets.cms.plateau.reearth.io/assets/e2/9434f5-c5ca-479e-b953-e2c27df299d1/13114_nakano-ku_pref_2025_citygml_1_op.zip
13115,plateau-13115-suginami-ku-2025,2025,5,443720009,https://assets.cms.plateau.reearth.io/assets/a7/ca8241-26ed-4d26-9f22-b31e672dca83/13115_suginami-ku_pref_2025_citygml_1_op.zip
13116,plateau-13116-toshima-ku-2025,2025,5,1175377232,https://assets.cms.plateau.reearth.io/assets/32/d726d2-f749-431e-9c0e-f7f9fad2cd3a/13116_toshima-ku_pref_2025_citygml_1_op.zip
13201,plateau-13201-hachioji-shi-2025,2025,5,1115854975,https://assets.cms.plateau.reearth.io/assets/bd/6a5266-cf05-4046-a301-de125654dc7d/13201_hachioji-shi_pref_2025_citygml_1_op.zip
13202,plateau-13202-tachikawa-shi-2025,2025,5,795273562,https://assets.cms.plateau.reearth.io/assets/d9/371af7-599b-4dc5-9307-d2543e044ba6/13202_tachikawa-shi_pref_2025_citygml_1_op.zip
13203,plateau-13203-musashino-shi-2025,2025,5,256613064,https://assets.cms.plateau.reearth.io/assets/b7/4b6157-76c9-4d1d-abfc-d0e55d10ad65/13203_musashino-shi_pref_2025_citygml_1_op.zip
13204,plateau-13204-mitaka-shi-2025,2025,5,311818093,https://assets.cms.plateau.reearth.io/assets/90/07edf9-e1c5-45f8-95ea-a27556b4c3b7/13204_mitaka-shi_pref_2025_citygml_1_op.zip
13205,plateau-13205-ome-shi-2025,2025,5,629384661,https://assets.cms.plateau.reearth.io/assets/ac/1ba0a5-e4d2-4c1a-b72d-e13d92756681/13205_ome-shi_pref_2025_citygml_1_op.zip
13206,plateau-13206-fuchu-shi-2025,2025,5,551673159,https://assets.cms.plateau.reearth.io/assets/f1/f1c29e-e025-483f-9c43-d2d613ca5cd2/13206_fuchu-shi_pref_2025_citygml_1_op.zip
13207,plateau-13207-akishima-shi-2025,2025,5,280323069,https://assets.cms.plateau.reearth.io/assets/57/a7ef80-b22a-47a0-95d9-fa11a820cb71/13207_akishima-shi_pref_2025_citygml_1_op.zip
13209,plateau-13209-machida-shi-2025,2025,5,590409051,https://assets.cms.plateau.reearth.io/assets/2a/4c1d12-41e3-43c1-b900-d26d4c63adc7/13209_machida-shi_pref_2025_citygml_1_op.zip
13210,plateau-13210-koganei-shi-2025,2025,5,268586606,https://assets.cms.plateau.reearth.io/assets/98/1fda84-d617-470d-9916-c55ef99d1359/13210_koganei-shi_pref_2025_citygml_1_op.zip
13211,plateau-13211-kodaira-shi-2025,2025,5,258442903,https://assets.cms.plateau.reearth.io/assets/38/06c7d4-bde5-4cc6-8fd6-8fbe78c2c92a/13211_kodaira-shi_pref_2025_citygml_1_op.zip
13212,plateau-13212-hino-shi-2025,2025,5,501871332,https://assets.cms.plateau.reearth.io/assets/3d/416dae-06b7-46c8-b445-ea0eec914837/13212_hino-shi_pref_2025_citygml_1_op.zip
13213,plateau-13213-higashimurayama-shi-2025,2025,5,255134086,https://assets.cms.plateau.reearth.io/assets/48/fd8661-830e-4431-8bd9-4d57799d01b8/13213_higashimurayama-shi_pref_2025_citygml_1_op.zip
13214,plateau-13214-kokubunji-shi-2025,2025,5,259057249,https://assets.cms.plateau.reearth.io/assets/ff/7d7983-7fb0-42a9-b85f-e001fc89ace8/13214_kokubunji-shi_pref_2025_citygml_1_op.zip
13215,plateau-13215-kunitachi-shi-2025,2025,5,210698074,https://assets.cms.plateau.reearth.io/assets/b6/21288f-f49b-432d-a569-4961e9ed1688/13215_kunitachi-shi_pref_2025_citygml_1_op.zip
13218,plateau-13218-fussa-shi-2025,2025,5,219260347,https://assets.cms.plateau.reearth.io/assets/71/a6b131-abea-4df2-bbcf-349b4ad30dcc/13218_fussa-shi_pref_2025_citygml_1_op.zip
13219,plateau-13219-komae-shi-2025,2025,5,1192172043,https://assets.cms.plateau.reearth.io/assets/49/4cfcc7-5169-44ae-8f0a-c0fb9243673a/13219_komae-shi_pref_2025_citygml_1_op.zip
13220,plateau-13220-higashiyamato-shi-2025,2025,5,141997130,https://assets.cms.plateau.reearth.io/assets/f2/ce1c3d-fcc0-4b98-bc17-29513b245347/13220_higashiyamato-shi_pref_2025_citygml_1_op.zip
13221,plateau-13221-kiyose-shi-2025,2025,5,167041094,https://assets.cms.plateau.reearth.io/assets/17/d0582e-7926-4cad-93af-08a24974f268/13221_kiyose-shi_pref_2025_citygml_1_op.zip
13223,plateau-13223-musashimurayama-shi-2025,2025,5,204728639,https://assets.cms.plateau.reearth.io/assets/ef/fbd308-233e-4de8-9a36-26be2e54582b/13223_musashimurayama-shi_pref_2025_citygml_1_op.zip
13224,plateau-13224-tama-shi-2025,2025,5,382136185,https://assets.cms.plateau.reearth.io/assets/75/4d2fb0-a25b-4bb7-8829-f8a6f0e7b719/13224_tama-shi_pref_2025_citygml_1_op.zip
13225,plateau-13225-inagi-shi-2025,2025,5,185862875,https://assets.cms.plateau.reearth.io/assets/88/bc8232-8c30-4819-aafd-2932f85477bb/13225_inagi-shi_pref_2025_citygml_1_op.zip
13228,plateau-13228-akiruno-shi-2025,2025,5,432059812,https://assets.cms.plateau.reearth.io/assets/11/9e7e3d-73dc-458f-b0ad-7a9bfe9ea518/13228_akiruno-shi_pref_2025_citygml_1_op.zip
13229,plateau-13229-nishitokyo-shi-2025,2025,5,202804147,https://assets.cms.plateau.reearth.io/assets/c9/3bc113-16d6-4279-8a55-958875bb8e6f/13229_nishitokyo-shi_pref_2025_citygml_1_op.zip
13303,plateau-13303-mizuho-machi-2025,2025,5,158322951,https://assets.cms.plateau.reearth.io/assets/d7/20cb35-cbb0-427b-bc33-b04234805d90/13303_mizuho-machi_pref_2025_citygml_1_op.zip
13308,plateau-13308-okutama-machi-2025,2025,5,713379831,https://assets.cms.plateau.reearth.io/assets/65/89f045-4321-4880-a8ef-c5cc301f24c9/13308_okutama-machi_pref_2025_citygml_1_op.zip
13361,plateau-13361-oshima-machi-2024,2024,4,266962021,https://assets.cms.plateau.reearth.io/assets/77/ca9b31-1fd6-47a2-aa00-012cdb822244/13361_oshima-machi_pref_2024_citygml_1_op.zip
13362,plateau-13362-toshima-mura-2024,2024,4,21844987,https://assets.cms.plateau.reearth.io/assets/45/40a1ee-1e80-4d69-bc6d-d75b77033151/13362_toshima-mura_pref_2024_citygml_1_op.zip
13363,plateau-13363-niijima-mura-2024,2024,4,115094483,https://assets.cms.plateau.reearth.io/assets/36/cd6b05-c682-4108-9c1d-35df135bedd6/13363_niijima-mura_pref_2024_citygml_1_op.zip
13364,plateau-13364-kozushima-mura-2024,2024,4,77190462,https://assets.cms.plateau.reearth.io/assets/f5/c1bb4b-bded-4964-b925-d55b190552d3/13364_kozushima-mura_pref_2024_citygml_1_op.zip
13381,plateau-13381-miyake-mura-2024,2024,4,171191823,https://assets.cms.plateau.reearth.io/assets/68/3c2801-7c8b-481c-915f-acd65b217aa8/13381_miyake-mura_pref_2024_citygml_1_op.zip
13401,plateau-13401-hachijo-machi-2024,2024,4,219984972,https://assets.cms.plateau.reearth.io/assets/0d/976cb5-a499-4b4c-8352-63b598e7ea4d/13401_hachijo-machi_pref_2024_citygml_1_op.zip
13402,plateau-13402-aogashima-mura-2024,2024,4,26248802,https://assets.cms.plateau.reearth.io/assets/ae/cf5f1c-8691-422f-ae90-691dda948cb9/13402_aogashima-mura_pref_2024_citygml_1_op.zip
14100,plateau-14100-yokohama-shi-2024,2024,4,2777093929,https://assets.cms.plateau.reearth.io/assets/04/96d45a-a30b-4c9f-88c0-c1323b5a0f86/14100_yokohama-shi_city_2024_citygml_2_op.zip
14150,plateau-14150-sagamihara-shi-2024,2024,4,626454974,https://assets.cms.plateau.reearth.io/assets/62/28918e-31cd-458e-80d1-370326b4084b/14150_sagamihara-shi_city_2024_citygml_1_op.zip
14204,plateau-14204-kamakura-shi-2024,2024,4,469040313,https://assets.cms.plateau.reearth.io/assets/24/fdd285-69b7-4ded-acab-5182de9a966a/14204_kamakura-shi_city_2024_citygml_1_op.zip
15202,plateau-15202-nagaoka-shi-2024,2024,4,1564337268,https://assets.cms.plateau.reearth.io/assets/74/5ad8c3-35da-465a-8991-677b05db31a8/15202_nagaoka-shi_city_2024_citygml_1_op.zip
16202,plateau-16202-takaoka-shi-2024,2024,4,2364422562,https://assets.cms.plateau.reearth.io/assets/4d/5a944e-6155-4d9b-8df0-ac5828101414/16202_takaoka-shi_city_2024_citygml_1_op.zip
16211,plateau-16211-imizu-shi-2024,2024,4,45556269,https://assets.cms.plateau.reearth.io/assets/62/33f48a-6809-492d-b09c-b972c53a6dc3/16211_imizu-shi_city_2024_citygml_1_op.zip
17201,plateau-17201-kanazawa-shi-2024,2024,4,1003380843,https://assets.cms.plateau.reearth.io/assets/d9/61e6e9-e5c4-4235-a95c-e2220ae66b6b/17201_kanazawa-shi_city_2024_citygml_1_op.zip
17206,plateau-17206-kaga-shi-2024,2024,4,541056367,https://assets.cms.plateau.reearth.io/assets/9a/c0ad73-ec47-4ff3-859a-2aea6acc7494/17206_kaga-shi_city_2024_citygml_1_op.zip
20220,plateau-20220-azumino-shi-2025,2025,4,1561278089,https://assets.cms.plateau.reearth.io/assets/f7/118f92-7e4d-4b60-aa78-30a5ff5866b6/20220_azumino-shi_city_2025_citygml_1_op.zip
21201,plateau-21201-gifu-shi-2025,2025,5,4506177541,https://assets.cms.plateau.reearth.io/assets/2e/7a17d9-f3dd-43e3-a42c-0e1ac5288f0b/21201_gifu-shi_city_2025_citygml_1_op.zip
21202,plateau-21202-ogaki-shi-2025,2025,5,1033676302,https://assets.cms.plateau.reearth.io/assets/ff/2e3d9f-1e1f-450b-8508-9dea39cac137/21202_ogaki-shi_city_2025_citygml_1_op.zip
21211,plateau-21211-minokamo-shi-2024,2024,3,251800059,https://assets.cms.plateau.reearth.io/assets/e7/ed21c4-189e-4844-b235-2e8007aa1ede/21211_minokamo-shi_city_2024_citygml_4_op.zip
22100,plateau-22100-shizuoka-shi-2023,2023,4,113727947253,https://assets.cms.plateau.reearth.io/assets/6e/1b63f3-2c2b-4d3e-9c2b-ff6df591c2e3/22100_shizuoka-shi_city_2023_citygml_3_op.zip
22130,plateau-22130-hamamatsu-shi-2023,2023,4,269297362281,https://assets.cms.plateau.reearth.io/assets/f0/ed11d3-e112-4d83-bd6f-d5f41ef75c79/22130_hamamatsu-shi_city_2023_citygml_2_op.zip
22203,plateau-22203-numazu-shi-2023,2023,4,41839538049,https://assets.cms.plateau.reearth.io/assets/c1/c24461-af1d-49a3-a4f4-14e88a731bfb/22203_numazu-shi_city_2023_citygml_3_op.zip
22205,plateau-22205-atami-shi-2023,2023,4,14985590727,https://assets.cms.plateau.reearth.io/assets/72/490cd0-9f53-4ca2-b4cd-20475dc10030/22205_atami-shi_city_2023_citygml_2_op.zip
22206,plateau-22206-mishima-shi-2023,2023,4,14561898569,https://assets.cms.plateau.reearth.io/assets/d4/8df0e1-1906-4c0b-8dba-963a7c6c4cdf/22206_mishima-shi_city_2023_citygml_2_op.zip
22207,plateau-22207-fujinomiya-shi-2023,2023,4,74464310000,https://assets.cms.plateau.reearth.io/assets/a6/d10992-38dc-4f5d-9861-dbc4bb384b74/22207_fujinomiya-shi_city_2023_citygml_2_op.zip
22208,plateau-22208-ito-shi-2023,2023,4,29079100758,https://assets.cms.plateau.reearth.io/assets/25/4901b7-d2f9-4adc-8dc4-378e5f880985/22208_ito-shi_city_2023_citygml_2_op.zip
22209,plateau-22209-shimada-shi-2023,2023,4,305469309,https://assets.cms.plateau.reearth.io/assets/ae/e64fed-9a3e-4b90-a8a5-e53d327b41e0/22209_shimada-shi_city_2023_citygml_2_op.zip
22210,plateau-22210-fuji-shi-2023,2023,4,50859473535,https://assets.cms.plateau.reearth.io/assets/91/100ff0-2265-4f70-bf13-fa0f64f6445c/22210_fuji-shi_city_2023_citygml_2_op.zip
22211,plateau-22211-iwata-shi-2023,2023,4,34093086594,https://assets.cms.plateau.reearth.io/assets/df/8229ab-6272-4939-9cf3-8a740a6e904b/22211_iwata-shi_city_2023_citygml_3_op.zip
22212,plateau-22212-yaizu-shi-2023,2023,4,14159517965,https://assets.cms.plateau.reearth.io/assets/1e/deb0b8-0497-49bd-baad-3b479d9ee10f/22212_yaizu-shi_city_2023_citygml_2_op.zip
22213,plateau-22213-kakegawa-shi-2023,2023,4,56940870693,https://assets.cms.plateau.reearth.io/assets/01/5cff09-cbba-4572-b311-6ebe53569c01/22213_kakegawa-shi_city_2023_citygml_3_op.zip
22214,plateau-22214-fujieda-shi-2023,2023,4,40864555366,https://assets.cms.plateau.reearth.io/assets/f2/5c0912-b776-4202-ba9e-e08f80fd50f6/22214_fujieda-shi_city_2023_citygml_2_op.zip
22215,plateau-22215-gotenba-shi-2023,2023,4,42268615911,https://assets.cms.plateau.reearth.io/assets/29/135ffa-0815-4e8c-aa6a-1a0cdab0c0b4/22215_gotenba-shi_city_2023_citygml_2_op.zip
22216,plateau-22216-fukuroi-shi-2023,2023,4,3840142658,https://assets.cms.plateau.reearth.io/assets/20/7fef2b-cebc-483a-8a6b-0e7f89a1d163/22216_fukuroi-shi_city_2023_citygml_2_op.zip
22219,plateau-22219-shimoda-shi-2023,2023,4,24721293008,https://assets.cms.plateau.reearth.io/assets/24/b67908-b5aa-46f4-a750-bb8b319450a7/22219_shimoda-shi_city_2023_citygml_2_op.zip
22220,plateau-22220-susono-shi-2023,2023,4,31627318245,https://assets.cms.plateau.reearth.io/assets/46/d1720b-6871-4a9f-b6b3-536a8285d9ea/22220_susono-shi_city_2023_citygml_2_op.zip
22221,plateau-22221-kosai-shi-2023,2023,4,15959710775,https://assets.cms.plateau.reearth.io/assets/1d/94e107-dc5d-4f80-9bf4-00716a1e5d85/22221_kosai-shi_city_2023_citygml_2_op.zip
22222,plateau-22222-izu-shi-2023,2023,4,80537934986,https://assets.cms.plateau.reearth.io/assets/dd/a8b441-72d4-4d9c-8547-170db413f46d/22222_izu-shi_city_2023_citygml_2_op.zip
22223,plateau-22223-omaezaki-shi-2023,2023,4,13994456653,https://assets.cms.plateau.reearth.io/assets/30/197ce5-2904-4347-a053-7a87cb769eef/22223_omaezaki-shi_city_2023_citygml_2_op.zip
22224,plateau-22224-kikugawa-shi-2023,2023,4,20544212929,https://assets.cms.plateau.reearth.io/assets/83/1b828e-d40b-4ba0-8d27-c23c9f49b924/22224_kikugawa-shi_city_2023_citygml_2_op.zip
22225,plateau-22225-izunokuni-shi-2023,2023,4,21976797451,https://assets.cms.plateau.reearth.io/assets/62/e91d49-c4bf-4ffc-bbe6-2f826a78634b/22225_izunokuni-shi_city_2023_citygml_2_op.zip
22226,plateau-22226-makinohara-shi-2023,2023,4,23211310461,https://assets.cms.plateau.reearth.io/assets/09/983f82-1961-46f8-ae75-df0ef3b69a9e/22226_makinohara-shi_city_2023_citygml_2_op.zip
22301,plateau-22301-higashiizu-cho-2023,2023,4,12847315142,https://assets.cms.plateau.reearth.io/assets/10/d9d17e-a30d-4351-8528-ece1a57182e9/22301_higashiizu-cho_city_2023_citygml_2_op.zip
22302,plateau-22302-kawazu-cho-2023,2023,4,23109539451,https://assets.cms.plateau.reearth.io/assets/89/0955a0-194d-490c-abbc-cb1b82172997/22302_kawazu-cho_city_2023_citygml_2_op.zip
22304,plateau-22304-minamiizu-cho-2023,2023,4,23613565596,https://assets.cms.plateau.reearth.io/assets/e4/f6bbca-ff36-4df3-aee1-dbc15ec6c414/22304_minamiizu-cho_city_2023_citygml_2_op.zip
22305,plateau-22305-matsuzaki-cho-2023,2023,4,19522182790,https://assets.cms.plateau.reearth.io/assets/fc/59e9c3-9691-4861-97be-40ec8c38cd20/22305_matsuzaki-cho_city_2023_citygml_2_op.zip
22306,plateau-22306-nishiizu-cho-2023,2023,4,23269153852,https://assets.cms.plateau.reearth.io/assets/3d/83fd27-9f78-4da4-813e-385d0457d1c6/22306_nishiizu-cho_city_2023_citygml_2_op.zip
22325,plateau-22325-kannami-cho-2023,2023,4,15587749304,https://assets.cms.plateau.reearth.io/assets/5a/e10dff-696a-4be7-8938-97385c57cecb/22325_kannami-cho_city_2023_citygml_2_op.zip
22341,plateau-22341-shimizu-cho-2023,2023,4,2454695456,https://assets.cms.plateau.reearth.io/assets/24/213c61-60d9-49ad-a27d-9e89f67d4de6/22341_shimizu-cho_city_2023_citygml_2_op.zip
22342,plateau-22342-nagaizumi-cho-2023,2023,4,7344270132,https://assets.cms.plateau.reearth.io/assets/31/100768-7513-4ea8-9cfb-b66ecd1794be/22342_nagaizumi-cho_city_2023_citygml_2_op.zip
22344,plateau-22344-oyama-cho-2023,2023,4,28877426672,https://assets.cms.plateau.reearth.io/assets/31/fe21f1-8ec7-49dd-87a0-75095ab8d3b7/22344_oyama-cho_city_2023_citygml_2_op.zip
22424,plateau-22424-yoshida-cho-2023,2023,4,4582695961,https://assets.cms.plateau.reearth.io/assets/fd/318032-a9f1-4229-a3cd-4aab8ed47623/22424_yoshida-cho_city_2023_citygml_2_op.zip
22429,plateau-22429-kawanehon-cho-2023,2023,4,49972036557,https://assets.cms.plateau.reearth.io/assets/8e/2f254d-c3e7-4842-9417-9f053a47203c/22429_kawanehon-cho_city_2023_citygml_2_op.zip
22461,plateau-22461-mori-machi-2023,2023,4,31618751176,https://assets.cms.plateau.reearth.io/assets/de/9de23a-097a-4865-94cd-60fe67306057/22461_mori-machi_city_2023_citygml_3_op.zip
23201,plateau-23201-toyohashi-shi-2024,2024,4,817975350,https://assets.cms.plateau.reearth.io/assets/9b/bf5782-2bcd-46ae-8ba5-20830f0777c2/23201_toyohashi-shi_city_2024_citygml_2_op.zip
23202,plateau-23202-okazaki-shi-2020,2020,4,1388325994,https://assets.cms.plateau.reearth.io/assets/75/41eaa8-eb6d-4bc9-8b71-e0516bad9b33/23202_okazaki-shi_city_2020_citygml_8_op.zip
23206,plateau-23206-kasugai-shi-2023,2023,4,360610469,https://assets.cms.plateau.reearth.io/assets/d0/b21e9e-cd61-41d7-88a3-28dea81bfd92/23206_kasugai-shi_city_2023_citygml_2_op.zip
23211,plateau-23211-toyota-shi-2023,2023,4,3221158576,https://assets.cms.plateau.reearth.io/assets/47/05d3c5-b620-4abc-97a9-d949e3fd4a71/23211_toyota-shi_city_2023_citygml_2_op.zip
23230,plateau-23230-nisshin-shi-2023,2023,4,115685840,https://assets.cms.plateau.reearth.io/assets/01/f1ea22-f5b2-4faa-a704-4346dac63bb5/23230_nisshin-shi_city_2023_citygml_2_op.zip
24203,plateau-24203-ise-shi-2024,2024,4,647696261,https://assets.cms.plateau.reearth.io/assets/f9/e381b3-84ed-499d-aad6-70c9ccab6bbf/24203_ise-shi_city_2024_citygml_1_op.zip
26100,plateau-26100-kyoto-shi-2025,2025,5,2700713512,https://assets.cms.plateau.reearth.io/assets/c8/4c6540-2bcf-4773-b21d-74ad2d9f1ba1/26100_kyoto-shi_city_2025_citygml_1_op.zip
27140,plateau-27140-sakai-shi-2024,2024,4,864489357,https://assets.cms.plateau.reearth.io/assets/9e/a93aed-31f1-449d-9478-5b4d4c04eb71/27140_sakai-shi_city_2024_citygml_1_op.zip
27202,plateau-27202-kishiwadashi-2024,2024,4,264932302,https://assets.cms.plateau.reearth.io/assets/08/a3bb64-07c2-4d7d-82e4-e3c0231a1e9a/27202_kishiwadashi_city_2024_citygml_1_op.zip
27216,plateau-27216-kawachinagano-shi-2025,2025,4,292969497,https://assets.cms.plateau.reearth.io/assets/f9/8cea21-eb75-4245-a328-be1d8c42c8d9/27216_kawachinagano-shi_city_2025_citygml_1_op.zip
27224,plateau-27224-settsu-shi-2020,2020,4,123561394,https://assets.cms.plateau.reearth.io/assets/63/18c9f6-afe2-409b-94df-3fa8d32148ed/27224_settsu-shi_city_2020_citygml_7_op.zip
27227,plateau-27227-higashiosaka-shi-2024,2024,4,570519134,https://assets.cms.plateau.reearth.io/assets/56/a26b24-70fc-4010-ada0-742068582027/27227_higashiosaka-shi_city_2024_citygml_1_op.zip
28201,plateau-28201-himeji-shi-2023,2023,4,1400716215,https://assets.cms.plateau.reearth.io/assets/5d/066fa9-aa52-4790-93b4-fd92735c6c4e/28201_himeji-shi_city_2023_citygml_2_op.zip
28215,plateau-28215-miki-shi-2023,2023,4,726070733,https://assets.cms.plateau.reearth.io/assets/c3/6227d9-c73a-4c89-8837-df80f9ec0b21/28215_miki-shi_city_2023_citygml_2_op.zip
28229,plateau-28229-tatsuno-shi-2023,2023,4,919842649,https://assets.cms.plateau.reearth.io/assets/1d/685c72-cd34-4e86-ba02-22079c0cdb1b/28229_tatsuno-shi_city_2023_citygml_2_op.zip
30201,plateau-30201-wakayama-shi-2023,2023,4,939693415,https://assets.cms.plateau.reearth.io/assets/33/e43850-ce18-4bcb-9a8b-88bf2eb8f2a3/30201_wakayama-shi_city_2023_citygml_2_op.zip
30406,plateau-30406-susami-cho-2025,2025,5,235620853,https://assets.cms.plateau.reearth.io/assets/a2/b2442b-d19e-43c3-8cec-771a48b078a4/30406_susami-cho_city_2025_citygml_1_op.zip
31202,plateau-31202-yonago-shi-2024,2024,4,455546428,https://assets.cms.plateau.reearth.io/assets/10/631bf6-6b3b-4e91-aab0-13bca289b0aa/31202_yonago-shi_city_2024_citygml_1_op.zip
32204,plateau-32204-masuda-shi-2024,2024,4,120882356,https://assets.cms.plateau.reearth.io/assets/ec/ce477c-fdb0-4879-9a8d-ef9cc1f8f9d1/32204_masuda-shi_city_2024_citygml_1_op.zip
32528,plateau-32528-okinoshima-cho-2024,2024,4,558709104,https://assets.cms.plateau.reearth.io/assets/63/e6ab2d-4bbe-4929-89c9-3bef7263ffc3/32528_okinoshima-cho_city_2024_citygml_1_op.zip
33202,plateau-33202-kurashiki-shi-2024,2024,4,2050202761,https://assets.cms.plateau.reearth.io/assets/02/12130c-8b20-4a9f-a686-77d18db6bac0/33202_kurashiki-shi_city_2024_citygml_1_op.zip
33211,plateau-33211-bizen-shi-2023,2023,4,379744425,https://assets.cms.plateau.reearth.io/assets/f0/ae58f3-79c0-4322-8fc1-f0c15f3d57dc/33211_bizen-shi_city_2023_citygml_2_op.zip
33423,plateau-33423-hayashima-cho-2024,2024,4,93010526,https://assets.cms.plateau.reearth.io/assets/ca/0a8d95-7921-4a9d-a596-be9cd98c561f/33423_hayashima-cho_city_2024_citygml_1_op.zip
34100,plateau-34100-hiroshima-shi-2024,2024,4,1262692101,https://assets.cms.plateau.reearth.io/assets/cc/d28a0b-63c2-4da8-a8e2-2dc20fc263dc/34100_hiroshima-shi_city_2024_citygml_1_op.zip
34304,plateau-34304-kaita-cho-2025,2025,5,209977161,https://assets.cms.plateau.reearth.io/assets/40/d52693-cd7b-4a6f-9572-39da9167b4fe/34304_kaita-cho_city_2025_citygml_1_op.zip
36201,plateau-36201-tokushima-shi-2023,2023,4,6273815310,https://assets.cms.plateau.reearth.io/assets/5d/59d15d-e95f-4b10-a179-6bc5bd8321b2/36201_tokushima-shi_city_2023_citygml_2_op.zip
37206,plateau-37206-sanuki-shi-2024,2024,4,436808247,https://assets.cms.plateau.reearth.io/assets/32/aceadf-f377-4ecb-ba74-673a110c5115/37206_sanuki-shi_city_2024_citygml_1_op.zip
39201,plateau-39201-kouchi-shi-2023,2023,4,1188552163,https://assets.cms.plateau.reearth.io/assets/1e/15e179-2010-40e4-a5ca-25c6bb57e7f1/39201_kouchi-shi_pref_2023_citygml_2_op.zip
39386,plateau-39386-ino-cho-2024,2024,4,641816277,https://assets.cms.plateau.reearth.io/assets/74/1dfe52-e827-4b56-82b5-7a5ce814eb0b/39386_ino-cho_city_2024_citygml_1_op.zip
40202,plateau-40202-omuta-shi-2023,2023,4,320924619,https://assets.cms.plateau.reearth.io/assets/a4/8ea102-9bb3-4e53-acbc-bcb68b494412/40202_omuta-shi_city_2023_citygml_2_op.zip
40223,plateau-40223-koga-shi-2024,2024,4,104905181,https://assets.cms.plateau.reearth.io/assets/b1/0dc6d0-19a2-4f2f-bfb5-a96849333bb0/40223_koga-shi_city_2024_citygml_1_op.zip
41203,plateau-41203-tosu-shi-2025,2025,5,343837109,https://assets.cms.plateau.reearth.io/assets/03/4e905f-88bc-492d-92b3-90a1df0a3fcf/41203_tosu-shi_city_2025_citygml_1_op.zip
42208,plateau-42208-matsuura-shi-2024,2024,4,135992048,https://assets.cms.plateau.reearth.io/assets/b1/d3967f-f564-47b3-905f-349a7d2136e0/42208_matsuura-shi_city_2024_citygml_1_op.zip
42323,plateau-42323-hasami-cho-2024,2024,4,179406871,https://assets.cms.plateau.reearth.io/assets/14/80677a-f0fa-4c09-9f84-1fbb16e0519c/42323_hasami-cho_city_2024_citygml_1_op.zip
43100,plateau-43100-kumamoto-shi-2022,2022,4,1172575284,https://assets.cms.plateau.reearth.io/assets/68/184e67-7d7f-42b7-b634-6676ffc1516f/43100_kumamoto-shi_city_2022_citygml_4_op.zip
43206,plateau-43206-tamana-shi-2024,2024,4,1065188090,https://assets.cms.plateau.reearth.io/assets/dd/a67abf-21c1-42ca-9c3d-d8fce2129f4b/43206_tamana-shi_city_2024_citygml_2_op.zip
43443,plateau-43443-mashiki-machi-2023,2023,4,375182395,https://assets.cms.plateau.reearth.io/assets/b4/c5db64-0a53-403a-a05e-46cc56f08307/43443_mashiki-machi_city_2023_citygml_2_op.zip
